"Correlation_Id","Dispatch_Id","Agent_Id","Queue_Id","Process_Id","Thread_Id","Grid_Size","Kernel_Name","Workgroup_Size","LDS_Block_Size","Scratch_Size","VGPR_Count","SGPR_Count","Counter_Name","Counter_Value"
1,1,4,1,315846,315846,67108992,"void set_array<double>(double*, double, int)",192,0,0,8,16,"TCP_UTCL1_TRANSLATION_HIT_sum",9583125
1,1,4,1,315846,315846,67108992,"void set_array<double>(double*, double, int)",192,0,0,8,16,"TCP_UTCL1_TRANSLATION_MISS_sum",2911335
2,2,4,1,315846,315846,67108992,"void set_array<double>(double*, double, int)",192,0,0,8,16,"TCP_UTCL1_TRANSLATION_HIT_sum",9659016
2,2,4,1,315846,315846,67108992,"void set_array<double>(double*, double, int)",192,0,0,8,16,"TCP_UTCL1_TRANSLATION_MISS_sum",2896452
3,3,4,1,315846,315846,67108992,"void set_array<double>(double*, double, int)",192,0,0,8,16,"TCP_UTCL1_TRANSLATION_HIT_sum",9640550
3,3,4,1,315846,315846,67108992,"void set_array<double>(double*, double, int)",192,0,0,8,16,"TCP_UTCL1_TRANSLATION_MISS_sum",2908939
4,4,4,1,315846,315846,67108992,"void STREAM_Copy<double>(double*, double*, int)",192,0,0,4,16,"TCP_UTCL1_TRANSLATION_HIT_sum",14738847
4,4,4,1,315846,315846,67108992,"void STREAM_Copy<double>(double*, double*, int)",192,0,0,4,16,"TCP_UTCL1_TRANSLATION_MISS_sum",873814
5,5,4,1,315846,315846,67108992,"void STREAM_Scale<double>(double*, double*, double, int)",192,0,0,4,16,"TCP_UTCL1_TRANSLATION_HIT_sum",14455148
5,5,4,1,315846,315846,67108992,"void STREAM_Scale<double>(double*, double*, double, int)",192,0,0,4,16,"TCP_UTCL1_TRANSLATION_MISS_sum",873814
6,6,4,1,315846,315846,67108992,"void STREAM_Add<double>(double*, double*, double*, int)",192,0,0,12,16,"TCP_UTCL1_TRANSLATION_HIT_sum",26482280
6,6,4,1,315846,315846,67108992,"void STREAM_Add<double>(double*, double*, double*, int)",192,0,0,12,16,"TCP_UTCL1_TRANSLATION_MISS_sum",1310754
7,7,4,1,315846,315846,67108992,"void STREAM_Triad<double>(double*, double*, double*, double, int)",192,0,0,12,16,"TCP_UTCL1_TRANSLATION_HIT_sum",26365090
7,7,4,1,315846,315846,67108992,"void STREAM_Triad<double>(double*, double*, double*, double, int)",192,0,0,12,16,"TCP_UTCL1_TRANSLATION_MISS_sum",1310780
8,8,4,1,315846,315846,67108992,"void STREAM_Copy<double>(double*, double*, int)",192,0,0,4,16,"TCP_UTCL1_TRANSLATION_HIT_sum",14785885
8,8,4,1,315846,315846,67108992,"void STREAM_Copy<double>(double*, double*, int)",192,0,0,4,16,"TCP_UTCL1_TRANSLATION_MISS_sum",873814
9,9,4,1,315846,315846,67108992,"void STREAM_Scale<double>(double*, double*, double, int)",192,0,0,4,16,"TCP_UTCL1_TRANSLATION_HIT_sum",14478519
9,9,4,1,315846,315846,67108992,"void STREAM_Scale<double>(double*, double*, double, int)",192,0,0,4,16,"TCP_UTCL1_TRANSLATION_MISS_sum",873814
10,10,4,1,315846,315846,67108992,"void STREAM_Add<double>(double*, double*, double*, int)",192,0,0,12,16,"TCP_UTCL1_TRANSLATION_HIT_sum",26467744
10,10,4,1,315846,315846,67108992,"void STREAM_Add<double>(double*, double*, double*, int)",192,0,0,12,16,"TCP_UTCL1_TRANSLATION_MISS_sum",1310768
11,11,4,1,315846,315846,67108992,"void STREAM_Triad<double>(double*, double*, double*, double, int)",192,0,0,12,16,"TCP_UTCL1_TRANSLATION_HIT_sum",26358791
11,11,4,1,315846,315846,67108992,"void STREAM_Triad<double>(double*, double*, double*, double, int)",192,0,0,12,16,"TCP_UTCL1_TRANSLATION_MISS_sum",1310790
12,12,4,1,315846,315846,67108992,"void STREAM_Copy<double>(double*, double*, int)",192,0,0,4,16,"TCP_UTCL1_TRANSLATION_HIT_sum",14770890
12,12,4,1,315846,315846,67108992,"void STREAM_Copy<double>(double*, double*, int)",192,0,0,4,16,"TCP_UTCL1_TRANSLATION_MISS_sum",873814
13,13,4,1,315846,315846,67108992,"void STREAM_Scale<double>(double*, double*, double, int)",192,0,0,4,16,"TCP_UTCL1_TRANSLATION_HIT_sum",14460665
13,13,4,1,315846,315846,67108992,"void STREAM_Scale<double>(double*, double*, double, int)",192,0,0,4,16,"TCP_UTCL1_TRANSLATION_MISS_sum",873814
14,14,4,1,315846,315846,67108992,"void STREAM_Add<double>(double*, double*, double*, int)",192,0,0,12,16,"TCP_UTCL1_TRANSLATION_HIT_sum",26491780
14,14,4,1,315846,315846,67108992,"void STREAM_Add<double>(double*, double*, double*, int)",192,0,0,12,16,"TCP_UTCL1_TRANSLATION_MISS_sum",1310769
15,15,4,1,315846,315846,67108992,"void STREAM_Triad<double>(double*, double*, double*, double, int)",192,0,0,12,16,"TCP_UTCL1_TRANSLATION_HIT_sum",26352039
15,15,4,1,315846,315846,67108992,"void STREAM_Triad<double>(double*, double*, double*, double, int)",192,0,0,12,16,"TCP_UTCL1_TRANSLATION_MISS_sum",1310784
16,16,4,1,315846,315846,67108992,"void STREAM_Copy<double>(double*, double*, int)",192,0,0,4,16,"TCP_UTCL1_TRANSLATION_HIT_sum",14760154
16,16,4,1,315846,315846,67108992,"void STREAM_Copy<double>(double*, double*, int)",192,0,0,4,16,"TCP_UTCL1_TRANSLATION_MISS_sum",873814
17,17,4,1,315846,315846,67108992,"void STREAM_Scale<double>(double*, double*, double, int)",192,0,0,4,16,"TCP_UTCL1_TRANSLATION_HIT_sum",14438054
17,17,4,1,315846,315846,67108992,"void STREAM_Scale<double>(double*, double*, double, int)",192,0,0,4,16,"TCP_UTCL1_TRANSLATION_MISS_sum",873814
18,18,4,1,315846,315846,67108992,"void STREAM_Add<double>(double*, double*, double*, int)",192,0,0,12,16,"TCP_UTCL1_TRANSLATION_HIT_sum",26482753
18,18,4,1,315846,315846,67108992,"void STREAM_Add<double>(double*, double*, double*, int)",192,0,0,12,16,"TCP_UTCL1_TRANSLATION_MISS_sum",1310766
19,19,4,1,315846,315846,67108992,"void STREAM_Triad<double>(double*, double*, double*, double, int)",192,0,0,12,16,"TCP_UTCL1_TRANSLATION_HIT_sum",26351164
19,19,4,1,315846,315846,67108992,"void STREAM_Triad<double>(double*, double*, double*, double, int)",192,0,0,12,16,"TCP_UTCL1_TRANSLATION_MISS_sum",1310802
20,20,4,1,315846,315846,67108992,"void STREAM_Copy<double>(double*, double*, int)",192,0,0,4,16,"TCP_UTCL1_TRANSLATION_HIT_sum",14781807
20,20,4,1,315846,315846,67108992,"void STREAM_Copy<double>(double*, double*, int)",192,0,0,4,16,"TCP_UTCL1_TRANSLATION_MISS_sum",873814
21,21,4,1,315846,315846,67108992,"void STREAM_Scale<double>(double*, double*, double, int)",192,0,0,4,16,"TCP_UTCL1_TRANSLATION_HIT_sum",14443752
21,21,4,1,315846,315846,67108992,"void STREAM_Scale<double>(double*, double*, double, int)",192,0,0,4,16,"TCP_UTCL1_TRANSLATION_MISS_sum",873814
22,22,4,1,315846,315846,67108992,"void STREAM_Add<double>(double*, double*, double*, int)",192,0,0,12,16,"TCP_UTCL1_TRANSLATION_HIT_sum",26479150
22,22,4,1,315846,315846,67108992,"void STREAM_Add<double>(double*, double*, double*, int)",192,0,0,12,16,"TCP_UTCL1_TRANSLATION_MISS_sum",1310758
23,23,4,1,315846,315846,67108992,"void STREAM_Triad<double>(double*, double*, double*, double, int)",192,0,0,12,16,"TCP_UTCL1_TRANSLATION_HIT_sum",26364092
23,23,4,1,315846,315846,67108992,"void STREAM_Triad<double>(double*, double*, double*, double, int)",192,0,0,12,16,"TCP_UTCL1_TRANSLATION_MISS_sum",1310798
24,24,4,1,315846,315846,67108992,"void STREAM_Copy<double>(double*, double*, int)",192,0,0,4,16,"TCP_UTCL1_TRANSLATION_HIT_sum",14778463
24,24,4,1,315846,315846,67108992,"void STREAM_Copy<double>(double*, double*, int)",192,0,0,4,16,"TCP_UTCL1_TRANSLATION_MISS_sum",873814
25,25,4,1,315846,315846,67108992,"void STREAM_Scale<double>(double*, double*, double, int)",192,0,0,4,16,"TCP_UTCL1_TRANSLATION_HIT_sum",14455560
25,25,4,1,315846,315846,67108992,"void STREAM_Scale<double>(double*, double*, double, int)",192,0,0,4,16,"TCP_UTCL1_TRANSLATION_MISS_sum",873814
26,26,4,1,315846,315846,67108992,"void STREAM_Add<double>(double*, double*, double*, int)",192,0,0,12,16,"TCP_UTCL1_TRANSLATION_HIT_sum",26490941
26,26,4,1,315846,315846,67108992,"void STREAM_Add<double>(double*, double*, double*, int)",192,0,0,12,16,"TCP_UTCL1_TRANSLATION_MISS_sum",1310750
27,27,4,1,315846,315846,67108992,"void STREAM_Triad<double>(double*, double*, double*, double, int)",192,0,0,12,16,"TCP_UTCL1_TRANSLATION_HIT_sum",26355153
27,27,4,1,315846,315846,67108992,"void STREAM_Triad<double>(double*, double*, double*, double, int)",192,0,0,12,16,"TCP_UTCL1_TRANSLATION_MISS_sum",1310787
28,28,4,1,315846,315846,67108992,"void STREAM_Copy<double>(double*, double*, int)",192,0,0,4,16,"TCP_UTCL1_TRANSLATION_HIT_sum",14748836
28,28,4,1,315846,315846,67108992,"void STREAM_Copy<double>(double*, double*, int)",192,0,0,4,16,"TCP_UTCL1_TRANSLATION_MISS_sum",873814
29,29,4,1,315846,315846,67108992,"void STREAM_Scale<double>(double*, double*, double, int)",192,0,0,4,16,"TCP_UTCL1_TRANSLATION_HIT_sum",14451834
29,29,4,1,315846,315846,67108992,"void STREAM_Scale<double>(double*, double*, double, int)",192,0,0,4,16,"TCP_UTCL1_TRANSLATION_MISS_sum",873814
30,30,4,1,315846,315846,67108992,"void STREAM_Add<double>(double*, double*, double*, int)",192,0,0,12,16,"TCP_UTCL1_TRANSLATION_HIT_sum",26483458
30,30,4,1,315846,315846,67108992,"void STREAM_Add<double>(double*, double*, double*, int)",192,0,0,12,16,"TCP_UTCL1_TRANSLATION_MISS_sum",1310769
31,31,4,1,315846,315846,67108992,"void STREAM_Triad<double>(double*, double*, double*, double, int)",192,0,0,12,16,"TCP_UTCL1_TRANSLATION_HIT_sum",26354606
31,31,4,1,315846,315846,67108992,"void STREAM_Triad<double>(double*, double*, double*, double, int)",192,0,0,12,16,"TCP_UTCL1_TRANSLATION_MISS_sum",1310785
32,32,4,1,315846,315846,67108992,"void STREAM_Copy<double>(double*, double*, int)",192,0,0,4,16,"TCP_UTCL1_TRANSLATION_HIT_sum",14758050
32,32,4,1,315846,315846,67108992,"void STREAM_Copy<double>(double*, double*, int)",192,0,0,4,16,"TCP_UTCL1_TRANSLATION_MISS_sum",873814
33,33,4,1,315846,315846,67108992,"void STREAM_Scale<double>(double*, double*, double, int)",192,0,0,4,16,"TCP_UTCL1_TRANSLATION_HIT_sum",14463022
33,33,4,1,315846,315846,67108992,"void STREAM_Scale<double>(double*, double*, double, int)",192,0,0,4,16,"TCP_UTCL1_TRANSLATION_MISS_sum",873814
34,34,4,1,315846,315846,67108992,"void STREAM_Add<double>(double*, double*, double*, int)",192,0,0,12,16,"TCP_UTCL1_TRANSLATION_HIT_sum",26478438
34,34,4,1,315846,315846,67108992,"void STREAM_Add<double>(double*, double*, double*, int)",192,0,0,12,16,"TCP_UTCL1_TRANSLATION_MISS_sum",1310759
35,35,4,1,315846,315846,67108992,"void STREAM_Triad<double>(double*, double*, double*, double, int)",192,0,0,12,16,"TCP_UTCL1_TRANSLATION_HIT_sum",26377465
35,35,4,1,315846,315846,67108992,"void STREAM_Triad<double>(double*, double*, double*, double, int)",192,0,0,12,16,"TCP_UTCL1_TRANSLATION_MISS_sum",1310783
36,36,4,1,315846,315846,67108992,"void STREAM_Copy<double>(double*, double*, int)",192,0,0,4,16,"TCP_UTCL1_TRANSLATION_HIT_sum",14791296
36,36,4,1,315846,315846,67108992,"void STREAM_Copy<double>(double*, double*, int)",192,0,0,4,16,"TCP_UTCL1_TRANSLATION_MISS_sum",873814
37,37,4,1,315846,315846,67108992,"void STREAM_Scale<double>(double*, double*, double, int)",192,0,0,4,16,"TCP_UTCL1_TRANSLATION_HIT_sum",14462422
37,37,4,1,315846,315846,67108992,"void STREAM_Scale<double>(double*, double*, double, int)",192,0,0,4,16,"TCP_UTCL1_TRANSLATION_MISS_sum",873814
38,38,4,1,315846,315846,67108992,"void STREAM_Add<double>(double*, double*, double*, int)",192,0,0,12,16,"TCP_UTCL1_TRANSLATION_HIT_sum",26472617
38,38,4,1,315846,315846,67108992,"void STREAM_Add<double>(double*, double*, double*, int)",192,0,0,12,16,"TCP_UTCL1_TRANSLATION_MISS_sum",1310787
39,39,4,1,315846,315846,67108992,"void STREAM_Triad<double>(double*, double*, double*, double, int)",192,0,0,12,16,"TCP_UTCL1_TRANSLATION_HIT_sum",26359386
39,39,4,1,315846,315846,67108992,"void STREAM_Triad<double>(double*, double*, double*, double, int)",192,0,0,12,16,"TCP_UTCL1_TRANSLATION_MISS_sum",1310788
40,40,4,1,315846,315846,67108992,"void STREAM_Copy<double>(double*, double*, int)",192,0,0,4,16,"TCP_UTCL1_TRANSLATION_HIT_sum",14766894
40,40,4,1,315846,315846,67108992,"void STREAM_Copy<double>(double*, double*, int)",192,0,0,4,16,"TCP_UTCL1_TRANSLATION_MISS_sum",873814
41,41,4,1,315846,315846,67108992,"void STREAM_Scale<double>(double*, double*, double, int)",192,0,0,4,16,"TCP_UTCL1_TRANSLATION_HIT_sum",14469826
41,41,4,1,315846,315846,67108992,"void STREAM_Scale<double>(double*, double*, double, int)",192,0,0,4,16,"TCP_UTCL1_TRANSLATION_MISS_sum",873814
42,42,4,1,315846,315846,67108992,"void STREAM_Add<double>(double*, double*, double*, int)",192,0,0,12,16,"TCP_UTCL1_TRANSLATION_HIT_sum",26508012
42,42,4,1,315846,315846,67108992,"void STREAM_Add<double>(double*, double*, double*, int)",192,0,0,12,16,"TCP_UTCL1_TRANSLATION_MISS_sum",1310779
43,43,4,1,315846,315846,67108992,"void STREAM_Triad<double>(double*, double*, double*, double, int)",192,0,0,12,16,"TCP_UTCL1_TRANSLATION_HIT_sum",26355087
43,43,4,1,315846,315846,67108992,"void STREAM_Triad<double>(double*, double*, double*, double, int)",192,0,0,12,16,"TCP_UTCL1_TRANSLATION_MISS_sum",1310788
44,44,4,1,315846,315846,67108992,"void STREAM_Copy<double>(double*, double*, int)",192,0,0,4,16,"TCP_UTCL1_TRANSLATION_HIT_sum",14782221
44,44,4,1,315846,315846,67108992,"void STREAM_Copy<double>(double*, double*, int)",192,0,0,4,16,"TCP_UTCL1_TRANSLATION_MISS_sum",873814
45,45,4,1,315846,315846,67108992,"void STREAM_Scale<double>(double*, double*, double, int)",192,0,0,4,16,"TCP_UTCL1_TRANSLATION_HIT_sum",14474356
45,45,4,1,315846,315846,67108992,"void STREAM_Scale<double>(double*, double*, double, int)",192,0,0,4,16,"TCP_UTCL1_TRANSLATION_MISS_sum",873814
46,46,4,1,315846,315846,67108992,"void STREAM_Add<double>(double*, double*, double*, int)",192,0,0,12,16,"TCP_UTCL1_TRANSLATION_HIT_sum",26496907
46,46,4,1,315846,315846,67108992,"void STREAM_Add<double>(double*, double*, double*, int)",192,0,0,12,16,"TCP_UTCL1_TRANSLATION_MISS_sum",1310774
47,47,4,1,315846,315846,67108992,"void STREAM_Triad<double>(double*, double*, double*, double, int)",192,0,0,12,16,"TCP_UTCL1_TRANSLATION_HIT_sum",26359948
47,47,4,1,315846,315846,67108992,"void STREAM_Triad<double>(double*, double*, double*, double, int)",192,0,0,12,16,"TCP_UTCL1_TRANSLATION_MISS_sum",1310787
48,48,4,1,315846,315846,67108992,"void STREAM_Copy<double>(double*, double*, int)",192,0,0,4,16,"TCP_UTCL1_TRANSLATION_HIT_sum",14758989
48,48,4,1,315846,315846,67108992,"void STREAM_Copy<double>(double*, double*, int)",192,0,0,4,16,"TCP_UTCL1_TRANSLATION_MISS_sum",873814
49,49,4,1,315846,315846,67108992,"void STREAM_Scale<double>(double*, double*, double, int)",192,0,0,4,16,"TCP_UTCL1_TRANSLATION_HIT_sum",14484770
49,49,4,1,315846,315846,67108992,"void STREAM_Scale<double>(double*, double*, double, int)",192,0,0,4,16,"TCP_UTCL1_TRANSLATION_MISS_sum",873814
50,50,4,1,315846,315846,67108992,"void STREAM_Add<double>(double*, double*, double*, int)",192,0,0,12,16,"TCP_UTCL1_TRANSLATION_HIT_sum",26483252
50,50,4,1,315846,315846,67108992,"void STREAM_Add<double>(double*, double*, double*, int)",192,0,0,12,16,"TCP_UTCL1_TRANSLATION_MISS_sum",1310762
51,51,4,1,315846,315846,67108992,"void STREAM_Triad<double>(double*, double*, double*, double, int)",192,0,0,12,16,"TCP_UTCL1_TRANSLATION_HIT_sum",26345136
51,51,4,1,315846,315846,67108992,"void STREAM_Triad<double>(double*, double*, double*, double, int)",192,0,0,12,16,"TCP_UTCL1_TRANSLATION_MISS_sum",1310792
52,52,4,1,315846,315846,67108992,"void STREAM_Copy<double>(double*, double*, int)",192,0,0,4,16,"TCP_UTCL1_TRANSLATION_HIT_sum",14773148
52,52,4,1,315846,315846,67108992,"void STREAM_Copy<double>(double*, double*, int)",192,0,0,4,16,"TCP_UTCL1_TRANSLATION_MISS_sum",873814
53,53,4,1,315846,315846,67108992,"void STREAM_Scale<double>(double*, double*, double, int)",192,0,0,4,16,"TCP_UTCL1_TRANSLATION_HIT_sum",14473487
53,53,4,1,315846,315846,67108992,"void STREAM_Scale<double>(double*, double*, double, int)",192,0,0,4,16,"TCP_UTCL1_TRANSLATION_MISS_sum",873814
54,54,4,1,315846,315846,67108992,"void STREAM_Add<double>(double*, double*, double*, int)",192,0,0,12,16,"TCP_UTCL1_TRANSLATION_HIT_sum",26493652
54,54,4,1,315846,315846,67108992,"void STREAM_Add<double>(double*, double*, double*, int)",192,0,0,12,16,"TCP_UTCL1_TRANSLATION_MISS_sum",1310762
55,55,4,1,315846,315846,67108992,"void STREAM_Triad<double>(double*, double*, double*, double, int)",192,0,0,12,16,"TCP_UTCL1_TRANSLATION_HIT_sum",26354573
55,55,4,1,315846,315846,67108992,"void STREAM_Triad<double>(double*, double*, double*, double, int)",192,0,0,12,16,"TCP_UTCL1_TRANSLATION_MISS_sum",1310785
56,56,4,1,315846,315846,67108992,"void STREAM_Copy<double>(double*, double*, int)",192,0,0,4,16,"TCP_UTCL1_TRANSLATION_HIT_sum",14740079
56,56,4,1,315846,315846,67108992,"void STREAM_Copy<double>(double*, double*, int)",192,0,0,4,16,"TCP_UTCL1_TRANSLATION_MISS_sum",873814
57,57,4,1,315846,315846,67108992,"void STREAM_Scale<double>(double*, double*, double, int)",192,0,0,4,16,"TCP_UTCL1_TRANSLATION_HIT_sum",14445346
57,57,4,1,315846,315846,67108992,"void STREAM_Scale<double>(double*, double*, double, int)",192,0,0,4,16,"TCP_UTCL1_TRANSLATION_MISS_sum",873814
58,58,4,1,315846,315846,67108992,"void STREAM_Add<double>(double*, double*, double*, int)",192,0,0,12,16,"TCP_UTCL1_TRANSLATION_HIT_sum",26500541
58,58,4,1,315846,315846,67108992,"void STREAM_Add<double>(double*, double*, double*, int)",192,0,0,12,16,"TCP_UTCL1_TRANSLATION_MISS_sum",1310774
59,59,4,1,315846,315846,67108992,"void STREAM_Triad<double>(double*, double*, double*, double, int)",192,0,0,12,16,"TCP_UTCL1_TRANSLATION_HIT_sum",26330542
59,59,4,1,315846,315846,67108992,"void STREAM_Triad<double>(double*, double*, double*, double, int)",192,0,0,12,16,"TCP_UTCL1_TRANSLATION_MISS_sum",1310781
60,60,4,1,315846,315846,67108992,"void STREAM_Copy<double>(double*, double*, int)",192,0,0,4,16,"TCP_UTCL1_TRANSLATION_HIT_sum",14798877
60,60,4,1,315846,315846,67108992,"void STREAM_Copy<double>(double*, double*, int)",192,0,0,4,16,"TCP_UTCL1_TRANSLATION_MISS_sum",873814
61,61,4,1,315846,315846,67108992,"void STREAM_Scale<double>(double*, double*, double, int)",192,0,0,4,16,"TCP_UTCL1_TRANSLATION_HIT_sum",14440011
61,61,4,1,315846,315846,67108992,"void STREAM_Scale<double>(double*, double*, double, int)",192,0,0,4,16,"TCP_UTCL1_TRANSLATION_MISS_sum",873814
62,62,4,1,315846,315846,67108992,"void STREAM_Add<double>(double*, double*, double*, int)",192,0,0,12,16,"TCP_UTCL1_TRANSLATION_HIT_sum",26506031
62,62,4,1,315846,315846,67108992,"void STREAM_Add<double>(double*, double*, double*, int)",192,0,0,12,16,"TCP_UTCL1_TRANSLATION_MISS_sum",1310771
63,63,4,1,315846,315846,67108992,"void STREAM_Triad<double>(double*, double*, double*, double, int)",192,0,0,12,16,"TCP_UTCL1_TRANSLATION_HIT_sum",26366757
63,63,4,1,315846,315846,67108992,"void STREAM_Triad<double>(double*, double*, double*, double, int)",192,0,0,12,16,"TCP_UTCL1_TRANSLATION_MISS_sum",1310771
64,64,4,1,315846,315846,67108992,"void STREAM_Copy<double>(double*, double*, int)",192,0,0,4,16,"TCP_UTCL1_TRANSLATION_HIT_sum",14766680
64,64,4,1,315846,315846,67108992,"void STREAM_Copy<double>(double*, double*, int)",192,0,0,4,16,"TCP_UTCL1_TRANSLATION_MISS_sum",873814
65,65,4,1,315846,315846,67108992,"void STREAM_Scale<double>(double*, double*, double, int)",192,0,0,4,16,"TCP_UTCL1_TRANSLATION_HIT_sum",14436527
65,65,4,1,315846,315846,67108992,"void STREAM_Scale<double>(double*, double*, double, int)",192,0,0,4,16,"TCP_UTCL1_TRANSLATION_MISS_sum",873814
66,66,4,1,315846,315846,67108992,"void STREAM_Add<double>(double*, double*, double*, int)",192,0,0,12,16,"TCP_UTCL1_TRANSLATION_HIT_sum",26473168
66,66,4,1,315846,315846,67108992,"void STREAM_Add<double>(double*, double*, double*, int)",192,0,0,12,16,"TCP_UTCL1_TRANSLATION_MISS_sum",1310775
67,67,4,1,315846,315846,67108992,"void STREAM_Triad<double>(double*, double*, double*, double, int)",192,0,0,12,16,"TCP_UTCL1_TRANSLATION_HIT_sum",26378879
67,67,4,1,315846,315846,67108992,"void STREAM_Triad<double>(double*, double*, double*, double, int)",192,0,0,12,16,"TCP_UTCL1_TRANSLATION_MISS_sum",1310807
68,68,4,1,315846,315846,67108992,"void STREAM_Copy<double>(double*, double*, int)",192,0,0,4,16,"TCP_UTCL1_TRANSLATION_HIT_sum",14785303
68,68,4,1,315846,315846,67108992,"void STREAM_Copy<double>(double*, double*, int)",192,0,0,4,16,"TCP_UTCL1_TRANSLATION_MISS_sum",873814
69,69,4,1,315846,315846,67108992,"void STREAM_Scale<double>(double*, double*, double, int)",192,0,0,4,16,"TCP_UTCL1_TRANSLATION_HIT_sum",14438468
69,69,4,1,315846,315846,67108992,"void STREAM_Scale<double>(double*, double*, double, int)",192,0,0,4,16,"TCP_UTCL1_TRANSLATION_MISS_sum",873814
70,70,4,1,315846,315846,67108992,"void STREAM_Add<double>(double*, double*, double*, int)",192,0,0,12,16,"TCP_UTCL1_TRANSLATION_HIT_sum",26501481
70,70,4,1,315846,315846,67108992,"void STREAM_Add<double>(double*, double*, double*, int)",192,0,0,12,16,"TCP_UTCL1_TRANSLATION_MISS_sum",1310786
71,71,4,1,315846,315846,67108992,"void STREAM_Triad<double>(double*, double*, double*, double, int)",192,0,0,12,16,"TCP_UTCL1_TRANSLATION_HIT_sum",26352320
71,71,4,1,315846,315846,67108992,"void STREAM_Triad<double>(double*, double*, double*, double, int)",192,0,0,12,16,"TCP_UTCL1_TRANSLATION_MISS_sum",1310779
72,72,4,1,315846,315846,67108992,"void STREAM_Copy<double>(double*, double*, int)",192,0,0,4,16,"TCP_UTCL1_TRANSLATION_HIT_sum",14764652
72,72,4,1,315846,315846,67108992,"void STREAM_Copy<double>(double*, double*, int)",192,0,0,4,16,"TCP_UTCL1_TRANSLATION_MISS_sum",873814
73,73,4,1,315846,315846,67108992,"void STREAM_Scale<double>(double*, double*, double, int)",192,0,0,4,16,"TCP_UTCL1_TRANSLATION_HIT_sum",14450619
73,73,4,1,315846,315846,67108992,"void STREAM_Scale<double>(double*, double*, double, int)",192,0,0,4,16,"TCP_UTCL1_TRANSLATION_MISS_sum",873814
74,74,4,1,315846,315846,67108992,"void STREAM_Add<double>(double*, double*, double*, int)",192,0,0,12,16,"TCP_UTCL1_TRANSLATION_HIT_sum",26481195
74,74,4,1,315846,315846,67108992,"void STREAM_Add<double>(double*, double*, double*, int)",192,0,0,12,16,"TCP_UTCL1_TRANSLATION_MISS_sum",1310764
75,75,4,1,315846,315846,67108992,"void STREAM_Triad<double>(double*, double*, double*, double, int)",192,0,0,12,16,"TCP_UTCL1_TRANSLATION_HIT_sum",26351053
75,75,4,1,315846,315846,67108992,"void STREAM_Triad<double>(double*, double*, double*, double, int)",192,0,0,12,16,"TCP_UTCL1_TRANSLATION_MISS_sum",1310793
76,76,4,1,315846,315846,67108992,"void STREAM_Copy<double>(double*, double*, int)",192,0,0,4,16,"TCP_UTCL1_TRANSLATION_HIT_sum",14759949
76,76,4,1,315846,315846,67108992,"void STREAM_Copy<double>(double*, double*, int)",192,0,0,4,16,"TCP_UTCL1_TRANSLATION_MISS_sum",873814
77,77,4,1,315846,315846,67108992,"void STREAM_Scale<double>(double*, double*, double, int)",192,0,0,4,16,"TCP_UTCL1_TRANSLATION_HIT_sum",14452145
77,77,4,1,315846,315846,67108992,"void STREAM_Scale<double>(double*, double*, double, int)",192,0,0,4,16,"TCP_UTCL1_TRANSLATION_MISS_sum",873814
78,78,4,1,315846,315846,67108992,"void STREAM_Add<double>(double*, double*, double*, int)",192,0,0,12,16,"TCP_UTCL1_TRANSLATION_HIT_sum",26469212
78,78,4,1,315846,315846,67108992,"void STREAM_Add<double>(double*, double*, double*, int)",192,0,0,12,16,"TCP_UTCL1_TRANSLATION_MISS_sum",1310757
79,79,4,1,315846,315846,67108992,"void STREAM_Triad<double>(double*, double*, double*, double, int)",192,0,0,12,16,"TCP_UTCL1_TRANSLATION_HIT_sum",26360986
79,79,4,1,315846,315846,67108992,"void STREAM_Triad<double>(double*, double*, double*, double, int)",192,0,0,12,16,"TCP_UTCL1_TRANSLATION_MISS_sum",1310787
80,80,4,1,315846,315846,67108992,"void STREAM_Copy<double>(double*, double*, int)",192,0,0,4,16,"TCP_UTCL1_TRANSLATION_HIT_sum",14765213
80,80,4,1,315846,315846,67108992,"void STREAM_Copy<double>(double*, double*, int)",192,0,0,4,16,"TCP_UTCL1_TRANSLATION_MISS_sum",873814
81,81,4,1,315846,315846,67108992,"void STREAM_Scale<double>(double*, double*, double, int)",192,0,0,4,16,"TCP_UTCL1_TRANSLATION_HIT_sum",14440129
81,81,4,1,315846,315846,67108992,"void STREAM_Scale<double>(double*, double*, double, int)",192,0,0,4,16,"TCP_UTCL1_TRANSLATION_MISS_sum",873814
82,82,4,1,315846,315846,67108992,"void STREAM_Add<double>(double*, double*, double*, int)",192,0,0,12,16,"TCP_UTCL1_TRANSLATION_HIT_sum",26478513
82,82,4,1,315846,315846,67108992,"void STREAM_Add<double>(double*, double*, double*, int)",192,0,0,12,16,"TCP_UTCL1_TRANSLATION_MISS_sum",1310772
83,83,4,1,315846,315846,67108992,"void STREAM_Triad<double>(double*, double*, double*, double, int)",192,0,0,12,16,"TCP_UTCL1_TRANSLATION_HIT_sum",26346696
83,83,4,1,315846,315846,67108992,"void STREAM_Triad<double>(double*, double*, double*, double, int)",192,0,0,12,16,"TCP_UTCL1_TRANSLATION_MISS_sum",1310763
